{"cameraMode":{"drawMode":0,"name":"Shaded","section":"Shading Mode"},"sceneLighting":true,"audioPlay":false,"sceneViewState":{"m_AlwaysRefresh":false,"showFog":true,"showSkybox":true,"showFlares":true,"showImageEffects":true,"showParticleSystems":true,"showVisualEffectGraphs":true,"m_FxEnabled":true},"in2DMode":false,"pivot":{"x":-2.2819392681121828,"y":12.28124713897705,"z":-15.20726490020752},"rotation":{"x":-0.19522304832935334,"y":0.05267609283328056,"z":-0.010378135368227959,"w":-0.9791120886802673},"size":0.8660253882408142,"orthographic":false}