{"cameraMode":{"drawMode":0,"name":"Shaded","section":"Shading Mode"},"sceneLighting":true,"audioPlay":false,"sceneViewState":{"m_AlwaysRefresh":false,"showFog":true,"showSkybox":true,"showFlares":true,"showImageEffects":true,"showParticleSystems":true,"showVisualEffectGraphs":true,"m_FxEnabled":true},"in2DMode":false,"pivot":{"x":-5.380545616149902,"y":25.738447189331056,"z":-32.53419494628906},"rotation":{"x":0.20523114502429963,"y":-0.05135244131088257,"z":0.010782449506223202,"w":0.9772505760192871},"size":1.3019144535064698,"orthographic":false}